dataset_id,sample_count,event_count,all_6_signature_genes_available,risk_score_standardization,cutoff_type,cutoff_value,high_risk_samples,low_risk_samples,logrank_P.Value,univariate_cox_HR,univariate_cox_lower95,univariate_cox_upper95,univariate_cox_P.Value,multivariate_model_used,multivariate_cox_HR,multivariate_cox_lower95,multivariate_cox_upper95,multivariate_cox_P.Value,C_index,AUC_1year,AUC_2year,AUC_3year,ROC_method_used
GSE37642_GPL570,136,98,TRUE,cohort-wise gene-level z-score,TCGA_median_cutoff,0.0547075205335469,57,79,0.232745817919005,2.17712237281946,1.15011373007686,4.12121140916584,0.0168701200626757,risk_score + age,1.79276267387829,0.928693027364177,3.46077542325609,0.0819429685348629,0.579832964873495,0.594463835499903,0.577965219222122,0.608430861843223,survivalROC
GSE12417_GPL570,79,47,TRUE,cohort-wise gene-level z-score,TCGA_median_cutoff,0.0547075205335469,39,40,0.019847411474935,2.60737721362812,1.07868088936304,6.30252746774962,0.0333243168901959,risk_score + age,2.400019941003,0.967566881720711,5.95317577113467,0.0589146011547976,0.625152129817444,0.594013501571142,0.603917466005971,0.61444334025163,survivalROC
combined_GPL570,215,145,TRUE,cohort-wise gene-level z-score,TCGA_median_cutoff,0.0547075205335469,96,119,0.0197463412238985,2.33332748477132,1.39054859221735,3.91530161668617,0.00133466643899969,risk_score + dataset_id + age,1.96975884015155,1.155758285987,3.35705997992632,0.0126985494230758,0.593718027419685,0.585220007860453,0.584470956708464,0.610080678987001,survivalROC
