dataset_id,sample_count,event_count,all_6_signature_genes_available,risk_score_standardization,cutoff_type,cutoff_value,high_risk_samples,low_risk_samples,logrank_P.Value,univariate_cox_HR,univariate_cox_lower95,univariate_cox_upper95,univariate_cox_P.Value,multivariate_model_used,multivariate_cox_HR,multivariate_cox_lower95,multivariate_cox_upper95,multivariate_cox_P.Value,C_index,AUC_1year,AUC_2year,AUC_3year,ROC_method_used
GSE37642_GPL570,136,98,TRUE,cohort-wise gene-level z-score,TCGA_median_cutoff,0.0547075205335469,57,79,0.232745817919005,1.80252660499379,1.01860954180481,3.18974251503041,0.0430440832640911,risk_score + age,1.79276267387829,0.928693027364177,3.46077542325609,0.0819429685348629,0.572218128224024,0.570376705587225,0.577965219222122,0.558235931010834,survivalROC
GSE12417_GPL570,79,47,TRUE,cohort-wise gene-level z-score,TCGA_median_cutoff,0.0547075205335469,39,40,0.019847411474935,2.00251605584454,0.907159499367623,4.42046912005061,0.0856529493817068,risk_score + age,2.400019941003,0.967566881720711,5.95317577113467,0.0589146011547976,0.623123732251521,0.607896167773599,0.603917466005971,0.591052002334774,survivalROC
combined_GPL570,215,145,TRUE,cohort-wise gene-level z-score,TCGA_median_cutoff,0.0547075205335469,96,119,0.0197463412238985,1.87971923709296,1.18310427945759,2.98650294115852,0.00754526892907559,risk_score + dataset_id + age,1.96975884015155,1.155758285987,3.35705997992632,0.0126985494230758,0.588551258440761,0.588032998561771,0.584470956708464,0.583173832851209,survivalROC
