dataset_id,cutoff_type,sample_count,event_count,high_risk_samples,low_risk_samples,cox_model_type,univariate_HR,univariate_lower95,univariate_upper95,univariate_P,dataset_adjusted_HR,dataset_adjusted_lower95,dataset_adjusted_upper95,dataset_adjusted_P,dataset_adjusted_model_type,AUC_1year,AUC_3year,AUC_5year,ROC_method
GSE37642_GPL570,TCGA_median_cutoff,136,98,63,73,univariate Cox,1.80252660499379,1.01860954180481,3.18974251503041,0.0430440832640911,,,,,,0.585249306285351,0.602748177650794,0.569359474293135,survivalROC
GSE12417_GPL570,TCGA_median_cutoff,79,47,36,43,univariate Cox,2.00251605584454,0.907159499367623,4.42046912005061,0.0856529493817068,,,,,,0.634064276724166,0.621098479813066,0.561705947431903,survivalROC
combined_GPL570,TCGA_median_cutoff,215,145,99,116,univariate Cox,1.87971923709296,1.18310427945759,2.98650294115852,0.00754526892907559,1.87457687400886,1.17921345993353,2.97998502897594,0.00788421346977883,dataset-adjusted Cox (risk_score + dataset_id),0.601901728137608,0.610520995472844,0.570588802806121,survivalROC
